{
  "project_info": {
    "project_number": "209811039150",
    "project_id": "buildqcheck",
    "storage_bucket": "buildqcheck.firebasestorage.app"
  },
  "client": [
    {
      "client_info": {
        "mobilesdk_app_id": "1:209811039150:android:38e6cf645a0bf2cfee5e3f",
        "android_client_info": {
          "package_name": "com.example.bqc"
        }
      },
      "oauth_client": [
        {
          "client_id": "209811039150-01ultge1q24v0d4qurepo0ifnv6ikg5i.apps.googleusercontent.com",
          "client_type": 3
        }
      ],
      "api_key": [
        {
          "current_key": "AIzaSyD9TFD7i8Ld4Pd2TuoJIMXXe0zR96vvTaI"
        }
      ],
      "services": {
        "appinvite_service": {
          "other_platform_oauth_client": [
            {
              "client_id": "209811039150-01ultge1q24v0d4qurepo0ifnv6ikg5i.apps.googleusercontent.com",
              "client_type": 3
            }
          ]
        }
      }
    },
    {
      "client_info": {
        "mobilesdk_app_id": "1:209811039150:android:605b02a68cca6455ee5e3f",
        "android_client_info": {
          "package_name": "com.example.buildqcheck"
        }
      },
      "oauth_client": [
        {
          "client_id": "209811039150-01ultge1q24v0d4qurepo0ifnv6ikg5i.apps.googleusercontent.com",
          "client_type": 3
        }
      ],
      "api_key": [
        {
          "current_key": "AIzaSyD9TFD7i8Ld4Pd2TuoJIMXXe0zR96vvTaI"
        }
      ],
      "services": {
        "appinvite_service": {
          "other_platform_oauth_client": [
            {
              "client_id": "209811039150-01ultge1q24v0d4qurepo0ifnv6ikg5i.apps.googleusercontent.com",
              "client_type": 3
            }
          ]
        }
      }
    }
  ],
  "configuration_version": "1"
}